student_id	account_created	last_active	balance_usd	language_id
43760891	2016-08-13	2018-08-07	$263.74	ru
38133880	2017-06-04	2018-05-12	$223.53	sp
95762727	2018-01-30	2018-10-31	$279.86	ru
69150474	2018-04-05	2018-07-28	$119.48	ru
13362560	2016-05-08	2018-11-10	$240.01	sp
55359883	2017-05-25	2017-11-10	$134.38	ru
30354067	2016-07-27	2016-09-16	$163.50	ru
64066895	2017-08-19	2018-01-20	$245.29	jp
19364866	2017-06-17	2018-03-18	$2.56	ru
84045544	2018-06-25	2018-10-21	$201.38	en
52276451	2016-08-08	2018-03-13	$123.67	sp
37411951	2017-05-23	2018-01-23	$280.29	en
61486760	2017-08-20	2018-10-13	$66.61	ru
91314274	2016-06-29	2017-07-07	$127.13	en
99055161	2018-07-31	2018-09-11	$117.35	sp
29165698	2016-07-15	2016-11-18	$271.18	ru
96109761	2018-09-08	2018-11-07	$57.17	en
30272438	2017-07-24	2018-07-08	$210.50	ru
65629446	2016-04-14	2016-08-19	$231.59	sp
54598014	2016-11-28	2017-03-11	$78.01	ru
68726939	2016-01-06	2017-03-22	$152.22	en
11854928	2017-03-23	2018-04-18	$129.29	jp
28357029	2016-08-11	2018-07-29	$89.99	sp
36983754	2018-04-03	2018-05-12	$214.72	jp
91271524	2016-07-10	2018-07-29	$22.89	en
55207774	2017-03-16	2017-08-30	$108.20	sp
51062874	2018-03-06	2018-08-17	$83.45	sp
30626567	2018-01-11	2018-03-09	$87.19	en
22014461	2016-06-12	2018-07-14	$15.49	ru
56320614	2018-05-20	2018-08-15	$125.71	sp
44995321	2018-02-23	2018-07-16	$225.78	ru
82826823	2016-05-31	2017-02-28	$131.69	sp
38509062	2017-03-28	2018-03-18	$7.04	ru
67028008	2018-03-09	2018-09-06	$240.12	sp
40440150	2017-07-17	2018-05-08	$180.96	jp
22517027	2018-06-04	2018-06-13	$287.33	ru
94396029	2016-05-02	2018-09-02	$99.94	sp
83474757	2018-07-24	2018-10-25	$223.23	jp
49383364	2016-10-01	2017-05-26	$228.49	en
38683843	2018-05-17	2018-06-20	$156.83	ru
64527853	2018-06-27	2018-10-14	$96.27	en
20137781	2017-07-28	2018-08-10	$41.30	jp
13611050	2017-03-13	2017-06-23	$117.23	sp
21247521	2017-10-05	2018-02-18	$203.79	sp
78252448	2017-08-01	2018-05-27	$172.39	en
90249936	2016-07-15	2017-11-26	$217.06	en
62514955	2018-02-08	2018-05-30	$143.38	ru
62647431	2016-08-20	2017-03-22	$33.76	jp
55886465	2016-03-10	2016-10-10	$62.72	jp
21585832	2018-01-14	2018-08-27	$126.51	jp
94552282	2017-11-09	2018-01-02	$132.12	en
22335003	2018-01-08	2018-09-15	$282.86	en
18984586	2017-05-17	2017-06-21	$186.78	en
77175198	2017-10-01	2017-10-21	$274.99	en
22618133	2016-06-06	2018-07-10	$223.48	jp
70506364	2016-12-22	2018-04-14	$178.15	jp
53267233	2016-07-12	2016-09-08	$174.34	en
79283713	2016-02-02	2016-05-16	$109.17	ru
26732408	2016-09-26	2017-01-15	$138.70	en
90169383	2017-09-20	2018-06-12	$176.76	en
76041187	2016-11-15	2018-10-19	$192.85	sp
61837287	2017-05-21	2017-06-22	$181.11	jp
97969081	2018-07-10	2018-08-28	$149.18	jp
20059257	2018-06-06	2018-08-08	$93.73	jp
64561368	2017-02-16	2017-10-12	$248.04	jp
75835404	2017-10-22	2018-01-30	$15.96	ru
37586217	2016-05-11	2018-06-07	$20.92	jp
83968020	2016-04-12	2018-09-13	$65.38	sp
93520340	2016-02-16	2017-11-27	$123.51	jp
41469124	2016-11-02	2017-11-08	$203.05	en
79475659	2017-05-14	2018-01-24	$35.61	en
46444150	2017-09-29	2018-08-03	$298.99	sp
90677220	2016-02-11	2018-04-12	$93.01	sp
89072435	2017-06-17	2018-08-06	$238.14	sp
68587797	2018-05-23	2018-10-27	$185.22	sp
21918511	2016-05-21	2018-04-16	$60.38	ru
54981868	2017-01-17	2017-06-16	$221.34	jp
42235935	2016-06-26	2017-06-24	$33.45	jp
89067254	2018-10-19	2018-11-02	$146.05	jp
10645491	2016-01-13	2016-01-24	$14.72	en
21054116	2018-05-01	2018-08-25	$178.57	en
53214530	2018-06-24	2018-10-25	$153.15	jp
10978866	2017-03-27	2017-12-13	$168.41	sp
85538681	2016-08-30	2017-06-09	$192.53	sp
96933332	2017-09-03	2018-06-26	$1.44	ru
29133241	2016-01-13	2017-07-18	$135.71	en
39469301	2018-06-25	2018-08-02	$249.23	en
82232729	2017-08-05	2017-12-25	$213.34	ru
81064617	2016-02-17	2017-12-29	$268.19	jp
31946940	2018-01-02	2018-08-09	$89.02	sp
90784498	2017-01-06	2017-01-23	$253.79	ru
73432387	2016-08-23	2017-06-14	$267.43	en
43407450	2018-02-05	2018-07-19	$22.11	en
41797936	2016-09-01	2017-03-24	$53.66	en
68325143	2017-12-27	2018-06-15	$207.78	ru
43199702	2017-05-22	2018-03-29	$101.14	ru
82403141	2018-03-30	2018-07-07	$50.11	sp
40930047	2018-03-31	2018-08-17	$93.87	sp
77112401	2016-11-14	2018-10-16	$253.07	sp
27246345	2017-06-08	2018-06-15	$30.04	ru
11003180	2018-06-14	2018-07-14	$122.45	ru
23284131	2016-05-20	2017-12-11	$231.36	sp
38456812	2018-06-24	2018-10-26	$273.21	sp
11798176	2017-02-24	2018-06-16	$73.94	ru
20518543	2018-10-31	2018-11-03	$153.53	sp
67460245	2018-02-27	2018-10-05	$124.18	sp
19180128	2017-11-27	2017-12-10	$137.93	en
14162508	2018-02-14	2018-07-07	$76.12	ru
90551238	2017-04-16	2017-09-14	$271.32	ru
67295325	2017-12-23	2018-03-13	$171.52	en
18642903	2016-03-15	2016-09-17	$278.51	sp
27496533	2018-06-10	2018-08-23	$244.32	en
38327520	2016-05-28	2016-10-24	$221.82	ru
94398629	2016-10-25	2017-08-06	$100.01	ru
42484727	2017-04-22	2017-07-04	$47.51	en
37364289	2017-07-16	2018-02-08	$32.91	ru
42219459	2017-03-03	2018-10-06	$291.94	jp
79679880	2018-07-23	2018-09-28	$74.33	sp
57597012	2017-04-21	2018-08-23	$299.77	sp
66104002	2018-10-14	2018-10-22	$15.46	en
19150744	2018-10-21	2018-11-01	$291.76	sp
58748428	2017-04-18	2017-11-15	$167.02	en
89817759	2016-01-01	2016-09-15	$155.02	en
54535507	2018-04-23	2018-10-25	$259.83	sp
61228660	2018-09-26	2018-11-03	$127.20	ru
99150675	2016-03-22	2017-02-19	$11.70	jp
36346239	2017-05-29	2018-08-16	$284.19	ru
82426238	2018-05-14	2018-10-08	$89.87	en
82978290	2016-09-01	2017-11-09	$226.11	ru
33097873	2016-01-27	2018-01-22	$296.25	en
37426903	2018-03-24	2018-04-05	$44.39	jp
35140603	2017-12-07	2018-04-24	$72.25	sp
37261793	2016-01-08	2016-11-13	$242.19	sp
69276977	2017-12-28	2018-07-31	$118.07	ru
87653322	2016-03-19	2018-11-04	$129.27	jp
38033036	2018-07-22	2018-09-28	$68.10	ru
54840049	2018-01-11	2018-07-12	$281.37	en
59799387	2017-12-27	2018-04-11	$167.34	jp
66573367	2017-06-13	2018-01-09	$61.02	en
40304540	2016-03-26	2016-12-29	$244.89	jp
40405888	2018-08-14	2018-10-16	$67.93	ru
90864046	2016-06-18	2018-05-03	$201.86	sp
29992822	2017-11-06	2017-11-16	$197.76	jp
57362419	2018-09-14	2018-10-17	$185.03	ru
20199634	2017-11-24	2018-06-18	$52.04	en
49681767	2017-08-12	2017-11-10	$148.67	sp
52828209	2017-05-26	2018-03-19	$64.48	ru
14617725	2016-01-13	2016-07-22	$108.88	ru
25668491	2016-02-08	2016-08-11	$163.56	ru
94433745	2016-12-19	2018-04-04	$72.84	en
91721061	2018-09-04	2018-10-14	$163.08	sp
16099440	2017-07-17	2017-11-13	$217.48	en
57453410	2018-04-22	2018-10-21	$220.16	jp
49333435	2016-05-14	2017-09-16	$72.89	en
77737185	2017-02-21	2017-12-02	$232.42	ru
48730433	2016-09-29	2018-08-12	$133.08	en
20844646	2018-06-30	2018-11-02	$178.97	ru
42463448	2016-10-19	2018-01-05	$186.41	en
99042087	2017-01-11	2018-10-20	$74.87	sp
43249494	2018-05-27	2018-06-12	$199.14	en
52084407	2018-02-27	2018-04-13	$66.48	en
32833253	2017-05-17	2017-12-08	$125.82	jp
34225524	2017-07-08	2017-11-04	$203.21	sp
52918699	2017-08-22	2018-06-23	$25.44	ru
60897996	2018-06-11	2018-11-07	$295.90	jp
70353903	2017-08-09	2017-10-08	$172.23	jp
73346071	2016-10-04	2018-06-06	$66.27	ru
24076972	2017-06-17	2018-03-05	$167.75	sp
41077294	2017-09-21	2017-10-12	$102.35	ru
29304249	2017-10-11	2017-10-11	$176.24	sp
95712677	2018-02-04	2018-05-14	$241.71	en
81377752	2017-12-02	2018-04-25	$98.70	jp
61882864	2017-07-12	2018-03-15	$190.33	sp
85190040	2018-05-10	2018-08-26	$28.59	sp
97624471	2018-06-15	2018-08-15	$118.69	sp
53297926	2017-06-15	2018-07-23	$262.44	jp
50167299	2018-08-01	2018-09-08	$272.25	en
99358440	2018-07-07	2018-09-21	$217.82	ru
27266016	2017-10-08	2017-11-27	$63.33	sp
85228472	2017-06-01	2017-11-22	$251.42	sp
16384942	2018-06-23	2018-09-24	$62.28	en
75857886	2016-02-06	2017-09-30	$299.30	jp
35972406	2016-04-22	2017-02-26	$260.54	ru
18010009	2018-06-21	2018-11-11	$76.71	sp
58314112	2018-03-22	2018-04-10	$187.98	ru
99814182	2016-01-17	2016-12-02	$128.70	jp
64175723	2017-10-09	2018-05-28	$187.52	en
53260533	2017-01-14	2017-08-13	$273.33	en
79089531	2016-10-03	2018-07-21	$211.41	jp
39619701	2017-10-03	2018-05-25	$251.93	jp
66005889	2018-08-05	2018-09-04	$250.85	jp
44301861	2016-05-20	2018-07-08	$20.91	ru
35037442	2017-09-17	2018-04-30	$262.88	sp
54774828	2018-05-15	2018-09-17	$168.35	sp
28742557	2016-11-20	2017-07-11	$92.58	ru
52806794	2017-12-07	2018-07-05	$172.39	jp
24388831	2017-03-26	2018-09-11	$118.02	jp
10387781	2018-08-22	2018-11-06	$32.49	sp
71619024	2017-11-15	2018-10-14	$299.22	en
11061022	2016-04-23	2017-08-07	$41.70	jp
84598040	2018-02-25	2018-07-21	$68.23	jp
57005323	2016-07-23	2017-08-13	$131.21	jp
33894725	2016-12-06	2018-01-19	$215.67	ru
30858673	2017-12-05	2018-01-25	$236.50	en
45616409	2016-10-13	2016-11-08	$86.85	ru
12530877	2018-03-05	2018-05-21	$77.18	sp
73765771	2016-03-22	2016-08-05	$30.47	sp
55338953	2017-11-26	2018-03-15	$120.72	en
74450425	2018-04-16	2018-09-11	$24.98	jp
10883525	2016-02-09	2016-05-22	$153.09	jp
43528457	2016-04-20	2018-06-21	$282.12	en
48730109	2016-04-03	2018-04-10	$282.47	ru
48632253	2016-05-06	2016-09-27	$178.43	sp
14681059	2017-10-08	2017-11-09	$190.99	jp
61169196	2017-09-30	2017-12-12	$175.44	en
31773059	2016-12-18	2018-09-23	$253.36	ru
72657699	2016-12-15	2018-03-17	$142.64	sp
38956187	2017-05-29	2017-08-09	$297.84	en
22259838	2017-11-08	2018-05-15	$186.99	en
43886598	2017-07-24	2018-04-18	$155.31	en
71103363	2017-06-21	2018-11-05	$59.47	ru
27496742	2017-08-12	2018-07-03	$115.44	jp
15501936	2016-08-16	2017-09-15	$85.20	en
17050565	2018-09-21	2018-10-27	$40.00	sp
53420371	2017-09-11	2018-05-30	$153.07	sp
48441031	2017-02-02	2017-02-14	$238.70	sp
52322133	2018-09-08	2018-10-13	$240.47	ru
69731446	2017-01-07	2017-12-25	$144.29	en
93765395	2017-08-28	2018-04-02	$231.30	ru
10747690	2017-10-27	2018-04-17	$177.42	sp
96972684	2018-02-25	2018-05-15	$133.60	sp
50120222	2017-07-30	2018-01-10	$1.97	sp
99251370	2016-12-15	2018-07-18	$96.90	ru
44942656	2017-06-30	2018-05-16	$297.60	ru
88477690	2016-10-27	2018-03-07	$192.86	ru
68755333	2018-09-28	2018-10-07	$263.56	ru
10176767	2016-10-30	2017-01-20	$171.85	ru
34761312	2018-06-11	2018-11-06	$253.95	en
14749487	2017-08-23	2018-02-11	$152.26	jp
78237626	2017-06-14	2017-10-16	$193.66	jp
83605116	2016-01-31	2016-10-23	$13.26	ru
38157098	2016-06-14	2018-02-07	$42.38	ru
43093818	2016-11-20	2017-06-02	$179.42	en
47025437	2017-09-24	2018-02-05	$283.74	jp
23946105	2016-06-22	2018-03-31	$153.90	en
40236506	2017-08-18	2018-02-23	$4.97	ru
73868053	2016-02-14	2016-07-14	$211.77	jp
15762512	2018-08-10	2018-09-22	$115.00	sp
71163978	2018-05-07	2018-10-17	$133.84	ru
77991319	2016-05-22	2016-06-12	$63.34	en
68115194	2017-07-11	2017-10-29	$191.34	sp
59537992	2017-02-22	2017-06-11	$174.07	ru
27705434	2018-05-24	2018-06-03	$210.25	en
63816762	2018-10-22	2018-10-25	$176.52	ru
18901265	2018-01-29	2018-05-18	$81.66	jp
67158003	2017-05-29	2018-08-04	$212.33	ru
42030837	2017-08-11	2018-05-28	$14.23	ru
21595324	2017-04-10	2017-10-15	$178.99	en
25418918	2017-03-15	2018-05-25	$284.98	en
14596104	2017-10-22	2018-07-27	$252.93	jp
23203495	2017-01-30	2018-10-03	$34.07	jp
59288010	2017-06-30	2017-10-17	$2.74	sp
68111016	2016-07-20	2017-05-15	$159.09	ru
27171374	2018-07-09	2018-09-10	$233.45	sp
87360707	2017-11-04	2018-05-01	$143.39	en
75424565	2017-08-09	2018-04-27	$55.38	jp
94500160	2017-06-11	2017-12-16	$90.39	en
11390237	2017-02-05	2018-05-08	$60.24	sp
55585605	2016-10-06	2017-02-20	$159.83	jp
92374217	2017-07-18	2018-04-12	$211.10	en
48514746	2017-08-18	2018-01-19	$97.08	en
35041013	2018-03-31	2018-07-27	$192.22	ru
54813863	2017-12-09	2018-01-09	$144.23	sp
30754058	2017-11-04	2018-10-29	$82.99	ru
35696216	2017-10-12	2018-05-18	$191.89	ru
65440286	2016-08-30	2017-09-02	$18.94	ru
84729120	2017-10-09	2018-08-03	$22.69	ru
49622739	2016-02-01	2018-03-31	$234.56	ru
84158932	2018-10-05	2018-10-18	$157.06	ru
83715535	2018-04-10	2018-08-30	$1.10	sp
98512464	2016-06-15	2018-05-05	$236.46	ru
19765308	2017-07-16	2018-05-21	$29.98	jp
58860783	2018-05-29	2018-07-27	$285.20	ru
51427696	2017-11-29	2018-10-04	$183.05	jp
72142185	2017-04-03	2017-11-14	$65.66	jp
44421746	2016-07-14	2018-07-04	$234.60	en
46257212	2017-08-18	2017-09-27	$254.30	ru
16557763	2018-08-31	2018-10-18	$89.65	en
64354883	2018-07-25	2018-08-21	$70.27	en
13939390	2018-02-21	2018-03-07	$143.13	en
41038920	2018-05-14	2018-09-26	$204.38	en
88516610	2016-02-15	2018-05-09	$154.02	jp
99750391	2017-03-30	2018-08-21	$276.71	ru
30284210	2018-01-09	2018-08-27	$99.35	jp
32273910	2016-06-03	2016-08-22	$246.88	ru
89025629	2017-01-24	2017-07-01	$7.91	ru
17685918	2018-06-25	2018-10-18	$198.79	en
73740755	2018-09-12	2018-10-18	$60.09	ru
48886997	2016-05-22	2018-01-12	$87.07	en
78847364	2016-05-15	2018-03-17	$7.43	en
51999438	2017-04-06	2018-11-03	$40.54	sp
69084487	2016-11-13	2018-01-16	$112.85	ru
24039129	2017-10-30	2018-02-19	$215.04	jp
84446763	2017-07-20	2018-06-30	$20.26	sp
10848614	2018-07-19	2018-10-17	$126.80	ru
46919962	2017-01-15	2018-08-27	$54.59	ru
34878613	2017-02-10	2017-09-19	$255.75	ru
36607561	2017-09-12	2017-09-24	$160.38	en
87008293	2016-06-13	2017-07-07	$293.77	sp
61634733	2018-05-16	2018-09-01	$173.71	en
62225189	2017-11-12	2018-02-02	$264.34	jp
13462238	2017-11-05	2018-02-27	$50.86	en
95334309	2018-06-29	2018-07-22	$162.34	en
12458487	2017-03-24	2018-10-07	$25.72	sp
11465883	2017-06-17	2018-10-29	$197.98	sp
83746746	2018-01-25	2018-09-19	$79.19	sp
17675087	2016-02-10	2018-05-03	$81.20	en
66313305	2018-08-05	2018-08-18	$285.83	en
99130287	2017-04-15	2017-07-17	$165.60	jp
83867081	2017-04-26	2017-05-27	$274.15	sp
70407416	2017-10-05	2018-06-16	$21.62	sp
19019382	2018-09-02	2018-10-24	$256.76	sp
16517148	2017-02-21	2017-05-11	$185.43	ru
41775425	2016-02-18	2016-12-11	$269.81	ru
23718870	2017-02-04	2017-02-25	$273.89	en
85467876	2017-09-17	2018-06-19	$240.10	ru
89652466	2018-10-14	2018-10-26	$157.73	ru
52228633	2017-08-06	2018-07-13	$105.04	sp
64065545	2017-12-21	2018-04-23	$20.66	ru
71861825	2017-03-10	2017-03-10	$1.18	jp
65608573	2016-07-15	2018-06-24	$63.05	ru
20466477	2018-06-12	2018-06-29	$182.81	sp
28217245	2017-06-18	2017-12-23	$99.25	en
82267788	2018-11-08	2018-11-13	$7.93	ru
46213884	2017-12-30	2018-10-08	$270.66	en
16904459	2018-06-27	2018-11-08	$44.15	en
17780623	2016-03-18	2016-08-09	$226.60	jp
81280556	2016-02-27	2018-11-06	$148.12	sp
97336903	2017-07-25	2018-03-28	$37.20	jp
20292816	2018-10-18	2018-10-31	$34.82	en
95048911	2016-06-03	2016-07-05	$98.42	ru
59526509	2018-02-13	2018-07-29	$33.14	en
87685370	2016-06-25	2018-09-19	$187.38	sp
73854367	2018-03-10	2018-08-31	$293.34	jp
70811984	2017-07-06	2017-08-16	$100.39	jp
13170683	2017-09-16	2018-06-29	$41.54	sp
71177377	2016-12-07	2018-02-20	$22.22	en
52280514	2016-11-03	2017-01-24	$264.52	sp
17299923	2016-05-18	2018-07-11	$191.15	sp
15719518	2017-02-09	2018-01-14	$56.07	ru
47616317	2018-02-02	2018-09-25	$184.96	sp
58664567	2017-12-13	2018-06-04	$40.92	en
10386783	2016-11-24	2017-01-13	$155.44	jp
83240768	2017-11-04	2018-06-06	$133.35	ru
62140287	2016-02-12	2017-12-13	$244.65	sp
30241487	2016-02-04	2018-03-29	$106.18	ru
49904407	2018-03-05	2018-05-28	$1.02	en
81041988	2018-01-25	2018-02-28	$278.48	en
85051029	2017-03-10	2017-12-08	$202.79	en
33770942	2017-01-13	2018-07-08	$206.44	en
56174003	2018-07-13	2018-09-23	$284.08	en
66324969	2018-02-24	2018-05-14	$55.99	ru
35533879	2018-09-22	2018-10-27	$214.10	en
37091986	2018-06-29	2018-09-14	$297.08	en
34469158	2017-05-18	2017-11-15	$294.08	sp
97135741	2017-02-07	2018-04-15	$112.91	jp
37231154	2016-07-01	2018-06-25	$120.13	en
96385598	2017-10-18	2018-07-10	$33.70	ru
36397467	2018-04-20	2018-09-04	$83.83	sp
19125878	2016-08-18	2018-01-09	$25.44	jp
33893309	2016-11-06	2018-03-29	$161.68	ru
59883438	2016-02-03	2016-08-06	$29.71	jp
43293646	2016-07-24	2016-09-12	$211.00	en
68290552	2016-10-20	2018-11-11	$78.11	en
81291119	2017-07-16	2018-02-22	$125.12	jp
66569396	2016-12-12	2018-01-20	$291.51	en
72080808	2018-02-17	2018-03-13	$141.51	sp
34578041	2018-05-01	2018-09-30	$180.94	ru
63993420	2016-01-28	2017-10-15	$110.08	ru
16104076	2017-12-10	2018-08-09	$187.46	jp
76750941	2018-02-25	2018-05-04	$193.55	ru
22680534	2017-11-09	2018-11-01	$58.71	sp
44801973	2017-09-05	2018-02-20	$296.29	jp
42666297	2018-10-21	2018-10-24	$75.77	en
41919877	2018-04-12	2018-08-07	$153.65	sp
57522267	2016-12-18	2017-08-06	$185.29	sp
65259675	2017-10-18	2018-02-08	$159.97	en
65206005	2016-10-26	2017-12-19	$292.38	ru
93833240	2018-06-13	2018-08-08	$118.59	ru
27339770	2016-09-15	2017-04-06	$95.89	jp
57642428	2017-04-30	2018-04-18	$106.92	jp
68931787	2018-10-28	2018-11-02	$273.39	jp
71873723	2016-03-03	2018-07-29	$19.46	jp
45532067	2016-12-17	2016-12-27	$236.83	ru
21785107	2017-01-29	2018-07-07	$48.90	sp
83393084	2017-08-14	2018-08-05	$104.80	ru
56273264	2017-09-29	2018-04-20	$116.08	jp
96511342	2016-07-15	2018-03-12	$172.70	sp
86820807	2016-09-16	2018-01-04	$29.15	ru
27831949	2016-09-02	2018-04-16	$255.58	en
53844267	2017-05-06	2018-07-03	$9.15	en
30468375	2016-04-08	2018-05-13	$278.32	en
30444782	2016-01-09	2017-01-28	$249.06	ru
67754592	2017-10-15	2018-01-24	$205.27	sp
68445502	2018-07-18	2018-11-08	$162.40	sp
40819931	2016-04-13	2017-04-21	$93.33	jp
44131376	2017-03-07	2017-09-23	$72.63	en
58476997	2017-01-04	2017-01-14	$24.69	jp
63604703	2018-04-19	2018-07-14	$84.02	jp
15707847	2016-06-10	2016-11-24	$25.22	sp
84063430	2018-07-25	2018-10-07	$62.19	sp
25832980	2016-04-03	2016-09-17	$42.90	sp
30208963	2017-12-18	2018-08-19	$267.92	jp
97886806	2018-02-17	2018-05-18	$93.91	jp
42642660	2018-11-03	2018-11-11	$130.55	en
71163104	2016-01-11	2016-05-07	$283.87	ru
40937179	2018-03-01	2018-06-02	$235.88	sp
74290678	2018-06-29	2018-08-25	$180.70	ru
67614320	2017-05-27	2018-05-21	$54.31	jp
38064920	2016-04-06	2017-08-16	$13.62	ru
80293748	2018-07-29	2018-09-03	$274.39	en
18752093	2018-10-25	2018-10-30	$103.05	ru
46772162	2016-12-15	2016-12-28	$288.37	en
58144720	2017-07-01	2018-10-19	$42.94	jp
21995180	2018-09-23	2018-11-05	$6.09	jp
34362452	2016-02-21	2018-04-29	$9.47	sp
52163179	2017-01-02	2017-09-20	$108.44	jp
79925480	2018-07-07	2018-10-16	$276.26	sp
57985616	2017-11-27	2018-05-09	$187.28	en
51497856	2016-10-31	2018-01-08	$234.73	en
16731040	2018-05-15	2018-11-09	$152.41	jp
27036653	2017-07-28	2018-04-12	$141.98	jp
62292881	2016-08-16	2018-07-25	$84.47	en
34749150	2016-08-19	2018-04-10	$125.04	ru
28650922	2016-10-12	2018-11-12	$160.40	ru
59243679	2016-11-07	2017-05-20	$7.12	ru
60481634	2018-06-14	2018-08-31	$78.12	jp
78092297	2018-06-02	2018-09-11	$32.86	en
24940922	2018-10-15	2018-11-01	$119.46	en
27594640	2018-06-01	2018-07-29	$261.12	en
95268732	2016-12-07	2018-07-15	$11.75	ru
28691740	2016-09-20	2017-01-28	$16.76	ru
74761643	2017-05-29	2018-02-23	$212.00	sp
65789916	2017-10-27	2018-03-25	$64.93	jp
85604227	2018-01-17	2018-08-25	$195.86	en
16981427	2018-09-15	2018-10-22	$219.31	jp
91683309	2016-06-22	2016-07-24	$6.52	jp
68438596	2018-10-11	2018-11-07	$17.58	en
30744158	2018-01-12	2018-07-04	$201.27	jp
33280427	2018-03-08	2018-06-20	$286.64	en
64978761	2016-12-19	2017-06-10	$18.37	en
55699297	2017-07-16	2017-11-10	$51.52	jp
21854356	2018-03-13	2018-06-09	$35.39	jp
12829710	2016-02-16	2018-04-19	$24.83	ru
10147488	2017-08-19	2017-12-24	$175.45	ru
51318545	2018-11-09	2018-11-10	$98.30	en
43816936	2016-11-25	2017-12-07	$90.96	sp
37601522	2017-05-01	2018-04-13	$197.45	sp
54813056	2016-06-25	2017-07-09	$294.59	sp
53876334	2018-07-07	2018-08-17	$55.06	sp
94150461	2017-03-19	2018-03-11	$214.94	sp
35065642	2018-08-13	2018-09-12	$80.01	jp
15387587	2016-12-06	2018-01-25	$46.85	en
47033939	2017-04-10	2018-02-05	$240.27	sp
88205073	2016-08-31	2017-01-09	$18.24	en
92878429	2017-11-25	2018-02-23	$246.78	ru
28531465	2016-07-28	2017-08-01	$92.46	jp
39174332	2017-09-16	2018-03-13	$249.27	ru
38730163	2018-04-21	2018-05-13	$220.36	sp
57548802	2018-06-20	2018-08-10	$19.12	jp
63902166	2018-03-06	2018-07-12	$285.70	ru
89111729	2018-07-28	2018-11-07	$81.65	ru
88325932	2017-08-17	2018-07-19	$40.35	sp
75254226	2017-06-04	2018-09-26	$128.65	sp
76817862	2016-09-17	2018-02-09	$234.87	ru
54535306	2017-01-20	2017-09-19	$288.70	ru
14655174	2016-10-04	2018-07-31	$138.96	ru
97761332	2016-06-12	2017-04-19	$21.03	en
89277186	2016-05-28	2017-02-25	$94.05	jp
86307501	2017-11-07	2018-03-08	$117.10	ru
66275335	2017-04-12	2018-01-21	$208.86	en
70764870	2018-02-06	2018-05-02	$249.77	ru
93496847	2017-10-10	2017-11-23	$63.49	ru
75058753	2016-11-06	2018-08-25	$24.74	sp
56540224	2017-06-08	2018-09-23	$158.17	en
91833512	2016-09-14	2018-02-10	$57.48	en
94050552	2016-03-28	2016-08-21	$253.40	ru
69672141	2017-05-27	2017-11-28	$6.52	en
95979712	2018-01-26	2018-05-06	$121.91	ru
98415738	2018-07-28	2018-09-27	$0.37	en
53823804	2017-06-03	2018-02-27	$162.30	en
37611936	2016-05-28	2016-10-11	$292.61	jp
98647623	2018-02-02	2018-08-01	$182.41	en
42401741	2016-03-19	2016-09-19	$35.33	jp
76223310	2017-07-03	2018-09-23	$79.68	en
36967313	2017-03-01	2017-09-22	$31.59	en
20615934	2016-09-05	2018-05-30	$89.48	en
75155387	2017-08-08	2017-09-25	$204.99	en
85673521	2018-09-14	2018-09-26	$20.09	ru
81408057	2018-06-21	2018-10-04	$195.26	ru
32257290	2017-10-30	2018-09-12	$24.66	ru
50883063	2017-06-19	2017-09-28	$76.54	jp
90333170	2017-12-25	2018-08-31	$289.24	jp
62854591	2017-02-12	2017-03-13	$50.46	sp
91301637	2017-01-06	2018-07-11	$82.70	en
12939803	2016-07-15	2018-05-28	$35.15	ru
29844796	2016-12-23	2018-04-29	$28.99	ru
20507301	2018-01-16	2018-11-12	$71.33	en
14751076	2016-01-28	2018-06-11	$36.38	jp
45525717	2018-07-12	2018-09-03	$167.55	en
15683926	2018-01-13	2018-09-02	$294.26	en
63212810	2016-09-29	2016-10-15	$233.80	jp
28169810	2016-05-12	2016-06-29	$161.56	sp
38550175	2017-10-09	2017-12-15	$183.65	ru
80060729	2017-06-19	2018-05-18	$138.68	ru
29352781	2018-05-05	2018-11-12	$276.58	ru
75995972	2016-11-30	2017-03-17	$9.83	ru
13951046	2017-08-09	2017-12-01	$219.70	sp
48322582	2017-07-04	2017-10-15	$117.89	sp
42822659	2017-11-18	2018-05-11	$27.95	ru
89607731	2016-12-27	2017-07-24	$36.78	sp
11234618	2017-02-18	2018-05-20	$194.65	jp
25053381	2017-10-14	2017-11-24	$158.79	jp
18635490	2016-02-07	2017-02-01	$78.95	sp
10976008	2016-11-08	2017-12-02	$103.28	ru
63974900	2017-09-30	2018-03-15	$151.65	sp
83044327	2018-07-08	2018-10-24	$224.65	jp
62143255	2018-10-19	2018-10-25	$290.44	en
58234051	2016-09-05	2018-09-21	$181.14	ru
28729843	2018-07-12	2018-08-17	$177.37	en
48861528	2017-03-11	2018-04-10	$107.16	jp
32686394	2016-06-11	2017-01-06	$274.15	en
37761026	2016-11-24	2017-01-19	$259.11	jp
87809333	2016-06-30	2016-11-05	$150.66	en
20882089	2017-11-17	2018-09-26	$195.74	ru
96346353	2018-01-27	2018-08-25	$110.30	ru
18165482	2017-11-20	2017-11-30	$274.77	en
91269291	2017-03-12	2017-10-02	$155.35	en
81286661	2017-09-11	2018-04-30	$31.07	ru
22180910	2017-04-23	2017-07-13	$152.91	sp
86204807	2018-01-08	2018-04-03	$38.21	sp
23567011	2018-01-13	2018-03-26	$265.60	sp
78497102	2018-03-26	2018-09-24	$117.46	en
93830604	2018-08-12	2018-10-30	$274.55	en
43552103	2016-03-21	2016-07-23	$276.96	en
95593041	2016-07-31	2018-08-29	$194.87	jp
44690518	2016-02-12	2016-08-14	$136.53	jp
80177269	2018-08-30	2018-11-04	$3.21	sp
10280583	2017-05-12	2017-05-14	$196.87	sp
55194621	2016-02-21	2016-08-17	$55.17	jp
53232766	2017-06-06	2018-08-25	$244.84	jp
11528970	2016-04-02	2018-08-28	$119.12	ru
39713976	2018-04-12	2018-04-19	$271.14	jp
88828270	2016-09-03	2018-03-23	$136.57	sp
47229113	2016-06-21	2018-07-21	$233.22	jp
29798756	2016-03-11	2017-10-09	$97.44	sp
59682619	2017-07-02	2018-11-09	$186.77	ru
16552799	2016-02-22	2018-10-28	$275.27	en
55627849	2016-12-17	2017-10-26	$11.24	sp
83176681	2016-06-14	2017-09-02	$44.33	en
90796577	2018-03-28	2018-05-31	$173.24	ru
96583717	2017-09-26	2018-04-24	$10.56	sp
37789818	2018-07-17	2018-09-11	$121.00	jp
10967756	2018-02-11	2018-10-16	$48.47	ru
16504799	2017-11-19	2018-09-26	$238.36	en
81656294	2018-06-22	2018-09-26	$201.54	jp
63028032	2018-08-10	2018-11-13	$171.87	sp
78017506	2018-08-31	2018-09-22	$69.83	en
25244968	2018-09-25	2018-11-07	$223.72	ru
20786167	2017-07-15	2018-04-15	$132.04	sp
63917014	2017-02-22	2017-07-29	$257.68	jp
13915735	2018-02-17	2018-04-13	$122.26	jp
88751376	2017-05-20	2017-10-18	$263.67	ru
98714056	2017-04-19	2018-07-31	$11.21	sp
32527717	2018-08-25	2018-10-16	$293.81	ru
67853648	2017-05-08	2018-01-10	$51.04	ru
89136665	2017-09-10	2017-12-30	$287.42	jp
49242291	2018-07-20	2018-08-20	$232.49	jp
53051638	2016-04-09	2018-05-26	$120.50	ru
14156373	2018-06-30	2018-08-05	$18.38	en
41606805	2017-03-17	2018-02-02	$99.28	sp
72531969	2016-07-05	2017-05-02	$271.91	jp
53803377	2016-09-20	2016-12-05	$23.66	ru
75693019	2016-12-28	2017-02-08	$93.91	ru
63939386	2017-02-12	2018-09-26	$102.68	ru
58478540	2018-04-11	2018-07-16	$77.14	en
14019637	2016-10-30	2017-11-07	$221.82	jp
55075636	2016-10-05	2017-05-02	$246.79	ru
72127351	2017-05-23	2018-02-03	$209.32	sp
38555520	2016-04-18	2018-10-14	$291.74	sp
13303233	2016-09-09	2018-05-25	$272.77	ru
45193357	2017-04-29	2018-09-16	$4.34	ru
15339063	2017-11-15	2018-01-25	$118.87	jp
48520689	2017-11-30	2018-09-29	$251.58	en
38699508	2017-03-07	2018-04-10	$172.41	jp
16884139	2017-04-04	2018-02-11	$48.55	sp
54545093	2018-08-08	2018-08-19	$298.30	en
82623920	2016-12-23	2017-09-22	$287.09	en
55716610	2017-09-07	2017-11-15	$56.54	ru
73860912	2017-05-05	2017-08-15	$143.13	en
76614791	2017-01-15	2017-04-01	$36.28	sp
36922848	2016-06-21	2017-02-12	$114.51	jp
14830662	2017-07-13	2018-02-25	$65.54	en
65728983	2018-01-14	2018-11-11	$104.59	jp
64603302	2018-02-22	2018-04-01	$240.86	en
29254020	2018-01-09	2018-02-24	$245.72	sp
96506737	2018-02-11	2018-05-16	$61.33	ru
36388844	2017-06-03	2017-10-11	$193.26	ru
20545614	2016-07-17	2018-10-31	$257.37	sp
60727819	2018-06-26	2018-10-20	$267.03	jp
17971306	2017-07-03	2017-12-08	$78.46	ru
62040749	2017-02-22	2018-10-31	$292.65	sp
83334988	2016-08-25	2018-10-24	$294.03	ru
98967745	2017-07-28	2018-01-07	$198.25	en
13181988	2017-10-01	2018-03-23	$289.44	ru
55216134	2017-02-07	2017-05-10	$157.77	sp
10272341	2017-06-20	2017-07-11	$81.17	ru
96631568	2018-02-09	2018-04-13	$172.65	sp
97950305	2018-03-03	2018-06-09	$128.66	jp
64224280	2017-02-24	2017-09-11	$227.12	ru
55107302	2017-05-07	2017-08-29	$203.63	jp
11905170	2018-03-10	2018-04-14	$227.27	sp
98691043	2017-08-08	2018-08-15	$211.33	sp
71516185	2016-02-06	2016-12-01	$93.25	sp
41273350	2018-09-08	2018-10-11	$265.79	sp
71093781	2018-06-11	2018-10-29	$188.73	en
12600357	2018-10-08	2018-10-11	$165.35	sp
18203207	2016-06-28	2018-04-19	$70.36	en
17000340	2016-09-28	2017-02-05	$59.85	sp
45884983	2017-02-06	2017-03-26	$143.98	sp
54520863	2017-10-23	2018-05-20	$57.83	sp
85713438	2016-07-31	2017-05-16	$249.70	en
85606648	2016-05-12	2017-10-11	$213.11	jp
16976951	2018-01-23	2018-02-03	$138.63	ru
63511371	2018-03-10	2018-11-04	$205.54	ru
19364415	2018-08-10	2018-10-17	$79.82	ru
59623566	2016-08-23	2018-06-01	$192.83	en
95662466	2016-07-01	2017-01-24	$155.25	jp
89630878	2018-03-04	2018-08-15	$37.69	jp
85241173	2017-08-16	2018-01-09	$6.99	ru
26875250	2017-01-26	2017-03-12	$83.12	jp
76870254	2018-03-10	2018-07-14	$104.67	sp
96214776	2016-05-22	2018-11-11	$25.77	sp
64049948	2017-09-16	2018-09-29	$253.35	sp
48827570	2016-02-10	2017-10-12	$49.75	sp
33516532	2017-07-29	2018-09-15	$292.31	sp
44601052	2018-01-15	2018-08-02	$51.45	en
96607430	2016-07-07	2017-09-11	$119.53	en
78639394	2018-07-03	2018-10-28	$21.73	ru
83388267	2017-12-10	2018-02-21	$237.92	sp
99241605	2018-01-13	2018-06-09	$18.30	ru
28965453	2018-06-05	2018-07-23	$53.58	sp
79042419	2016-07-12	2017-12-25	$168.09	jp
70580048	2018-06-01	2018-10-25	$88.24	ru
55533476	2018-02-11	2018-03-25	$283.33	en
24874121	2018-01-20	2018-03-19	$172.76	ru
79288396	2017-11-13	2017-11-29	$282.76	sp
95450514	2018-10-08	2018-11-03	$151.86	jp
21242736	2016-08-17	2018-05-18	$279.82	sp
24631311	2017-06-10	2018-10-19	$128.18	jp
27378105	2016-07-17	2018-07-20	$67.67	ru
39440262	2016-06-28	2017-05-03	$43.35	ru
83431562	2016-09-01	2018-09-03	$161.03	sp
92355800	2018-06-15	2018-08-01	$152.93	ru
83598439	2016-01-23	2016-05-28	$61.29	en
91576976	2018-04-14	2018-05-12	$209.52	sp
98229138	2017-03-02	2017-05-18	$108.50	en
40504771	2018-07-28	2018-09-01	$56.05	jp
83393735	2017-02-21	2017-12-22	$180.72	sp
17540626	2016-05-22	2017-07-11	$235.77	sp
54524196	2016-06-16	2017-09-21	$0.67	sp
46595207	2017-11-15	2017-12-24	$4.02	ru
91085464	2016-10-02	2018-11-08	$53.23	jp
48001796	2018-05-11	2018-05-31	$4.52	sp
89843971	2017-11-14	2018-06-03	$45.92	sp
57137159	2018-08-21	2018-10-26	$155.71	sp
55932448	2018-07-16	2018-07-21	$191.62	en
62817350	2018-06-01	2018-09-16	$228.66	jp
18751606	2018-07-10	2018-07-16	$153.07	jp
39044267	2018-07-25	2018-11-08	$8.15	en
68007707	2018-03-07	2018-07-09	$2.58	sp
84420556	2016-11-06	2017-11-09	$261.16	en
14375404	2017-01-24	2017-12-24	$109.46	en
22107370	2018-07-04	2018-11-12	$143.88	sp
58493467	2016-02-04	2018-04-19	$296.88	jp
40411420	2018-05-19	2018-11-06	$202.23	en
84622727	2016-07-02	2018-04-11	$294.23	en
82417785	2016-07-20	2017-05-15	$291.62	ru
22959624	2018-10-28	2018-11-01	$78.81	sp
76593922	2018-01-13	2018-08-15	$54.46	sp
30131648	2017-08-05	2017-10-21	$131.68	jp
70648513	2018-06-10	2018-07-11	$76.36	jp
30051309	2017-07-02	2017-10-27	$276.44	en
86136060	2017-04-18	2017-08-08	$82.85	jp
73416998	2016-12-17	2018-10-16	$130.28	ru
10142952	2017-07-18	2018-03-14	$58.97	en
53900951	2017-09-22	2018-06-15	$36.60	ru
52224166	2017-05-05	2017-10-12	$212.10	en
25204805	2017-08-15	2018-07-07	$125.08	jp
24933635	2018-09-01	2018-10-01	$243.20	jp
38154677	2017-07-18	2018-05-01	$255.05	sp
13054718	2017-01-19	2018-06-14	$41.02	jp
60535992	2017-05-08	2018-06-17	$152.20	jp
79735273	2017-08-17	2017-10-18	$147.93	ru
17561634	2016-01-06	2016-04-26	$38.03	en
10394095	2016-02-24	2017-03-28	$169.79	jp
19589134	2017-04-20	2018-08-22	$164.60	ru
76518415	2016-04-04	2017-12-24	$136.90	sp
78660577	2018-08-28	2018-08-30	$146.49	en
47028503	2018-06-07	2018-08-30	$263.01	ru
51584346	2016-03-19	2017-11-21	$66.60	ru
42779905	2018-07-21	2018-09-10	$215.30	sp
58492669	2016-06-28	2017-06-21	$238.49	sp
17433993	2018-01-17	2018-08-27	$154.56	ru
14124388	2016-09-19	2018-06-21	$67.34	sp
81703648	2018-04-03	2018-08-06	$274.66	sp
16748422	2017-02-07	2017-12-23	$210.38	en
53893943	2017-01-20	2017-02-01	$81.04	sp
42970729	2017-01-09	2018-01-12	$234.81	jp
82688757	2016-08-26	2017-08-17	$176.12	ru
99746086	2016-12-18	2018-09-01	$73.42	ru
50106379	2018-03-18	2018-09-16	$154.71	jp
14411691	2017-03-15	2018-11-02	$160.74	ru
75672261	2018-02-25	2018-03-15	$31.98	ru
62865657	2017-09-06	2017-09-09	$229.94	en
86452875	2018-09-28	2018-11-08	$8.01	en
84830143	2016-08-04	2016-09-05	$271.33	ru
99372990	2017-07-04	2018-03-06	$100.63	sp
62456109	2017-09-25	2018-06-15	$214.69	jp
51020106	2017-11-06	2017-11-08	$102.63	sp
81995496	2016-06-21	2017-01-27	$249.75	jp
41425080	2017-05-13	2018-07-08	$271.82	sp
37166845	2017-01-24	2018-04-08	$82.94	jp
21455866	2016-06-21	2018-01-31	$221.68	en
29726678	2017-06-27	2018-07-02	$46.16	jp
89678406	2017-01-20	2018-09-25	$137.72	sp
32701602	2017-05-11	2018-02-01	$221.42	ru
42321862	2016-06-03	2016-11-29	$109.42	jp
84176488	2017-06-07	2018-05-14	$299.66	sp
47889427	2017-11-02	2018-10-12	$44.61	ru
95626080	2017-05-28	2018-05-21	$111.05	sp
25215791	2017-05-13	2017-10-27	$117.14	en
91920035	2018-10-08	2018-10-15	$278.92	jp
92046590	2016-04-01	2016-08-15	$138.90	sp
54966482	2017-09-26	2017-10-08	$220.77	ru
72343188	2016-05-04	2017-10-27	$128.17	jp
13514553	2017-10-03	2018-06-22	$30.48	jp
64511403	2017-02-19	2018-06-09	$243.88	ru
22433943	2017-12-22	2018-11-09	$204.34	en
73099467	2017-08-11	2018-05-30	$103.93	ru
22588853	2017-03-25	2018-01-08	$69.23	ru
57466543	2018-09-06	2018-10-06	$286.75	sp
84003752	2017-02-11	2018-10-13	$77.92	jp
62605259	2016-10-06	2017-09-24	$1.59	en
46888911	2017-07-20	2018-11-11	$291.19	en
26034432	2018-03-10	2018-08-25	$250.39	jp
97329142	2017-06-13	2018-04-08	$137.40	en
96136130	2017-09-09	2018-09-10	$101.66	en
39252684	2017-01-09	2018-01-04	$198.76	en
39297549	2016-06-29	2018-01-02	$117.00	ru
83250463	2016-08-24	2018-10-09	$272.68	sp
36816604	2016-02-20	2016-04-20	$32.34	jp
80358710	2017-03-08	2017-06-18	$134.80	jp
87252316	2017-06-10	2018-04-03	$118.80	jp
65980183	2017-03-11	2018-06-26	$12.60	ru
75206443	2018-09-14	2018-10-21	$2.39	en
51403164	2018-06-20	2018-06-22	$198.70	jp
75100605	2017-08-01	2018-07-06	$288.59	jp
87163820	2016-05-17	2018-04-14	$295.41	en
55738766	2018-03-22	2018-07-07	$213.83	en
91567010	2016-09-10	2017-12-08	$62.38	en
14642583	2018-01-02	2018-08-23	$260.11	sp
10753828	2017-10-21	2018-02-23	$177.09	en
44171471	2018-09-28	2018-10-04	$223.33	en
68755550	2017-08-10	2018-04-03	$281.55	sp
20793831	2017-07-27	2017-11-26	$94.02	ru
97365610	2017-06-03	2018-10-10	$218.26	jp
57134620	2017-11-04	2018-09-30	$154.99	sp
12836913	2017-12-07	2018-03-01	$188.38	ru
56579817	2016-02-09	2018-08-06	$143.36	ru
66798032	2016-12-09	2018-10-29	$168.51	ru
41133082	2018-08-12	2018-10-01	$195.55	sp
96607662	2017-02-24	2017-04-12	$199.47	ru
87069219	2016-10-12	2018-03-19	$23.27	jp
16276019	2017-09-18	2018-04-26	$112.86	en
21707191	2016-03-31	2016-11-16	$244.17	en
57646306	2018-04-18	2018-05-23	$9.97	sp
43891207	2018-06-18	2018-08-27	$269.89	sp
90000068	2017-08-03	2017-12-27	$188.32	ru
17988514	2017-01-18	2018-06-01	$248.66	jp
45740025	2016-03-25	2016-11-19	$191.97	jp
95048082	2018-01-03	2018-06-29	$245.14	ru
27939338	2017-03-11	2018-07-13	$46.73	en
56482084	2017-05-14	2018-08-17	$269.68	jp
68751433	2016-02-27	2017-06-01	$259.61	ru
12959870	2018-05-01	2018-08-28	$149.00	en
29409804	2018-05-15	2018-06-25	$29.85	en
42649889	2017-02-19	2017-10-03	$219.76	ru
62331306	2016-12-23	2018-08-21	$290.25	jp
79488441	2018-05-03	2018-10-27	$188.55	jp
88350658	2016-04-06	2018-03-31	$54.56	ru
94322669	2017-04-06	2018-05-12	$34.46	ru
58054671	2017-09-09	2018-04-07	$171.63	sp
34180529	2017-01-12	2018-01-26	$115.70	en
43688263	2017-12-26	2018-07-24	$242.79	sp
71366679	2018-01-03	2018-04-27	$156.71	sp
95139920	2016-03-09	2018-03-14	$257.95	en
19519723	2016-06-16	2018-04-11	$216.78	ru
83596798	2018-08-30	2018-11-12	$269.50	en
18874193	2016-01-05	2017-07-05	$19.52	en
19062373	2016-09-05	2017-09-27	$34.40	jp
16326721	2016-09-29	2018-03-05	$167.41	sp
65990376	2017-09-30	2018-09-23	$247.69	en
76473020	2017-10-05	2018-03-29	$59.49	ru
66382573	2018-04-24	2018-06-20	$230.95	en
95812730	2017-08-17	2017-11-30	$109.04	ru
51061256	2017-11-12	2018-04-28	$120.36	jp
47702267	2017-03-23	2017-04-05	$263.48	jp
49542519	2016-04-12	2016-10-27	$199.96	sp
97624859	2016-08-23	2017-08-11	$7.66	sp
37403253	2016-06-06	2018-07-12	$113.15	en
40153077	2016-06-05	2017-10-20	$41.37	en
78067518	2018-11-09	2018-11-12	$254.27	jp
94411083	2017-08-16	2018-04-08	$248.33	en
99929711	2016-05-01	2016-10-09	$202.08	ru
38108847	2018-03-30	2018-07-04	$51.96	sp
79215288	2016-10-15	2017-07-04	$133.01	en
94283896	2017-07-24	2018-03-23	$182.79	en
31767525	2017-09-20	2018-03-09	$46.23	sp
27400284	2016-01-16	2017-04-30	$258.29	jp
39626775	2017-03-29	2018-04-16	$97.70	jp
68420637	2016-12-29	2017-09-08	$45.20	jp
98554792	2018-02-26	2018-07-01	$96.84	ru
78617470	2016-04-11	2016-11-11	$80.17	sp
62712364	2018-08-19	2018-11-12	$72.70	sp
24972118	2016-04-02	2017-10-02	$51.73	jp
15999338	2018-07-16	2018-09-15	$23.26	jp
36498194	2016-04-11	2016-09-16	$31.05	sp
14267104	2016-12-11	2018-06-11	$297.30	en
35539928	2018-04-13	2018-07-02	$31.98	ru
32162837	2017-07-02	2018-05-26	$31.82	sp
77741578	2016-09-19	2017-06-27	$262.05	jp
35668754	2016-04-28	2017-02-13	$28.71	sp
94183960	2016-11-25	2017-11-07	$197.58	sp
80409141	2018-04-10	2018-07-15	$142.60	ru
39696105	2016-06-27	2017-04-23	$11.92	jp
53644922	2016-05-16	2018-07-02	$20.68	en
20914300	2018-09-30	2018-10-02	$138.25	en
39105546	2017-01-03	2018-08-02	$86.31	en
93300329	2016-09-02	2017-07-07	$175.44	sp
15539461	2016-09-24	2017-12-15	$73.24	ru
43886681	2016-06-05	2017-03-19	$15.40	sp
24883229	2018-02-18	2018-03-17	$196.88	ru
52708987	2016-07-01	2018-07-17	$34.89	ru
81811856	2017-09-27	2018-06-17	$190.25	sp
90608370	2016-05-24	2018-11-07	$19.29	en
25583869	2016-09-14	2018-04-14	$218.60	jp
21267164	2017-03-11	2017-11-30	$249.96	ru
40165829	2016-02-06	2018-05-20	$6.79	ru
28202852	2016-07-31	2017-07-06	$210.90	en
51780045	2018-02-10	2018-03-30	$146.56	ru
92870519	2017-11-09	2018-06-22	$54.88	en
77555146	2016-11-14	2017-05-11	$223.18	sp
48574967	2018-09-21	2018-10-29	$111.01	en
26387766	2016-11-29	2018-07-16	$75.84	jp
98165358	2018-05-01	2018-06-23	$117.96	ru
16943498	2016-02-06	2017-11-20	$224.79	sp
14481213	2018-06-08	2018-09-15	$208.93	jp
85252613	2018-07-13	2018-08-09	$158.78	sp
51095932	2016-05-02	2018-01-01	$287.97	en
90731631	2016-05-15	2018-11-10	$191.32	en
63360941	2016-08-16	2017-11-30	$76.84	jp
15365995	2018-05-31	2018-09-01	$80.10	jp
49659260	2016-02-14	2018-10-04	$187.12	sp
74880071	2017-01-11	2018-04-07	$232.46	sp
76840743	2017-09-23	2018-01-20	$36.58	sp
49946233	2016-04-05	2018-11-06	$215.90	jp
58799395	2016-06-10	2017-03-01	$112.17	sp
40233765	2016-04-15	2017-11-01	$127.24	jp
87412292	2018-05-20	2018-06-05	$174.42	en
49013444	2017-02-27	2018-06-30	$187.40	en
70987435	2016-06-10	2017-10-18	$88.20	jp
13583825	2016-12-24	2018-05-04	$246.63	ru
20402237	2016-11-07	2017-06-16	$288.96	en
25912794	2016-07-28	2017-08-19	$170.63	en
71742780	2016-09-01	2018-05-30	$196.36	ru
42390597	2018-10-16	2018-10-25	$183.27	sp
47662566	2018-02-03	2018-07-12	$141.76	sp
35158917	2018-06-27	2018-10-24	$281.56	jp
30558926	2016-11-21	2018-06-18	$191.36	en
56924036	2016-07-14	2016-11-20	$287.86	jp
77300581	2017-11-16	2017-12-08	$6.20	jp
98612817	2018-08-29	2018-11-05	$144.40	en
68281957	2016-06-12	2017-11-30	$53.35	sp
71544087	2016-01-09	2016-03-15	$198.74	jp
18013671	2018-02-03	2018-08-12	$26.39	ru
72669145	2017-12-26	2018-09-30	$143.51	ru
35938190	2016-05-01	2017-09-07	$4.72	ru
21480087	2017-02-12	2018-05-08	$14.05	ru
85004070	2017-11-27	2017-12-13	$42.53	sp
31434881	2016-03-14	2017-08-04	$192.39	en
49784847	2018-02-14	2018-07-12	$102.99	ru
34899303	2016-05-25	2017-12-21	$180.45	ru
34549302	2018-03-25	2018-10-11	$235.76	jp
70226012	2018-08-10	2018-09-08	$250.82	ru
49594584	2018-08-02	2018-08-25	$218.23	ru
81610663	2018-01-29	2018-09-04	$175.51	ru
97644910	2018-02-10	2018-05-13	$213.63	sp
27905918	2016-04-17	2016-06-09	$205.74	jp
44691088	2016-05-06	2017-04-24	$69.20	sp
75880856	2017-09-23	2018-01-30	$288.75	jp
41070742	2018-01-01	2018-04-29	$110.86	ru
90506518	2017-09-17	2017-10-15	$231.64	jp
78485555	2016-05-12	2018-05-25	$121.40	jp
36989954	2016-05-24	2018-11-12	$92.04	jp
99781509	2017-07-20	2018-04-13	$237.17	ru
41444696	2016-09-07	2018-09-12	$216.48	en
31619352	2016-03-18	2016-12-20	$210.79	sp
63069655	2018-04-11	2018-04-20	$70.87	ru
33623039	2017-06-04	2018-05-12	$118.44	ru
97884506	2017-09-06	2018-04-09	$77.35	jp
74130725	2016-08-02	2017-02-11	$29.88	en
21827962	2018-02-11	2018-09-12	$184.57	en
83930639	2018-09-06	2018-10-23	$70.18	en
29766437	2016-12-30	2017-05-29	$242.39	jp
71625415	2016-01-01	2017-07-27	$57.37	ru
56246614	2018-07-02	2018-07-11	$58.71	jp
50817740	2016-12-07	2017-06-25	$220.71	jp
29510919	2018-04-18	2018-10-13	$4.77	sp
78103461	2016-08-05	2017-07-13	$147.80	ru
38679043	2016-09-24	2017-09-22	$273.98	en
56169976	2016-06-13	2018-04-24	$64.32	en
89814142	2017-11-07	2018-03-16	$94.21	jp
19150581	2017-03-02	2017-05-05	$136.36	sp
68383589	2017-12-27	2018-04-19	$9.86	sp
53639505	2016-09-22	2017-07-24	$116.21	en
23313493	2016-07-12	2017-07-10	$13.40	en
82939104	2017-11-16	2018-06-24	$223.84	en
53967491	2016-01-03	2017-04-24	$162.52	sp
77513351	2017-08-18	2018-11-10	$203.64	sp
90539252	2017-09-26	2017-12-02	$199.77	en
87238459	2017-03-18	2018-03-16	$170.79	ru
85019046	2017-09-10	2018-01-15	$143.97	jp
74609535	2016-03-07	2016-07-07	$220.14	ru
48556087	2018-03-15	2018-11-01	$77.21	en
52847530	2017-12-15	2018-04-20	$84.33	ru
34651148	2016-08-29	2017-10-09	$288.48	jp
47702139	2016-05-08	2016-12-08	$100.47	ru
36657202	2018-08-10	2018-10-12	$97.87	jp
33431216	2017-09-13	2018-01-08	$151.48	jp
26673992	2017-08-21	2018-03-01	$273.68	jp
78377023	2017-01-31	2017-09-29	$66.40	jp
68102622	2018-03-04	2018-11-08	$121.73	en
31509698	2016-03-29	2018-03-21	$42.86	sp
32107291	2016-11-08	2017-06-06	$36.37	jp
56778573	2018-10-26	2018-11-02	$45.76	sp
31981836	2016-09-16	2018-07-05	$251.26	en
20837521	2017-06-14	2018-05-24	$183.06	ru
69816596	2016-09-19	2017-08-11	$141.08	jp
19841682	2017-11-01	2018-10-11	$269.80	en
11825993	2018-04-20	2018-09-25	$220.36	en
86703432	2017-08-21	2018-08-17	$177.97	sp
33750405	2018-05-27	2018-06-01	$224.01	sp
94742066	2018-09-22	2018-10-10	$277.47	en
57486960	2016-02-21	2017-10-10	$252.88	jp
10773417	2018-05-11	2018-09-23	$129.96	en
61637836	2016-03-14	2018-03-06	$82.91	en
41662939	2017-08-17	2018-01-06	$253.14	en
62000895	2016-04-11	2017-03-30	$213.26	ru
98045846	2017-11-27	2018-08-10	$240.05	en
55275338	2018-03-16	2018-05-01	$221.08	ru
83395465	2017-10-01	2017-11-11	$134.24	sp
86632347	2017-05-01	2018-05-10	$114.56	en
13752082	2018-06-30	2018-08-26	$287.55	jp
41524752	2017-03-20	2018-10-23	$154.23	sp
94316645	2016-11-25	2018-06-15	$256.68	ru
33746368	2016-11-29	2018-07-13	$96.77	ru
33945549	2016-11-15	2018-03-15	$100.66	sp
57255925	2016-12-02	2018-07-17	$265.69	en
13411392	2017-07-06	2017-11-10	$167.12	en
89475401	2016-08-25	2016-10-30	$291.66	ru
41125496	2018-04-30	2018-05-19	$218.31	sp
86653357	2017-02-04	2017-07-09	$6.73	jp
90927635	2018-01-13	2018-06-27	$213.40	jp
68933293	2018-01-11	2018-05-20	$259.82	ru
19052544	2018-02-25	2018-04-29	$244.07	ru
89959279	2017-04-05	2017-11-06	$51.63	en
62342140	2017-06-18	2017-07-30	$203.04	sp
68160591	2018-03-02	2018-04-25	$21.83	jp
25659055	2017-12-16	2018-06-28	$35.59	en
25488913	2017-03-04	2017-03-14	$27.96	sp
26530777	2018-09-09	2018-10-14	$70.37	jp
31317625	2016-04-04	2018-06-30	$187.49	ru
88954140	2017-01-17	2018-10-03	$52.39	jp
34546771	2016-03-27	2017-09-22	$203.17	ru
60275595	2017-02-12	2017-09-12	$86.40	sp
96266819	2018-05-04	2018-05-21	$165.04	sp
98732517	2017-08-03	2018-05-06	$218.90	sp
35553290	2017-09-24	2017-12-21	$79.19	ru
23083872	2017-02-09	2018-01-01	$172.57	sp
